Planet 1,P_b (days),T0_b,ecc_b,omega_b (rad),K_b (m/s),Planet 2,P_c (days),T0_c,ecc_c,omega_c (rad),K_c (m/s),K_truth (m/s),K_fit (m/s),Result
TOI-2431 b,0.2241955977276311,2460258.8685751804,0,1.5707963267948966,23.78858930612332,TOI-2431 c,77.91383274080769,-29.952990742319315,0,1.5707963267948966,11.998033682900717,23.78858930612332,28.12963842240186,Not Recovered
TOI-2431 b,0.2241957151502694,2460258.8685004627,0,1.5707963267948966,40.885751622231126,TOI-2431 c,85.80163246298672,-26.39951223330497,0,1.5707963267948966,3.2234074901759557,40.885751622231126,40.54546829619244,Recovered
TOI-2431 b,0.22419666353000242,2460258.868734613,0,1.5707963267948966,44.81352464573213,TOI-2431 c,19.06120003496812,-6.665121826770618,0,1.5707963267948966,37.97457552594299,44.81352464573213,43.82577811051262,Recovered
TOI-2431 b,0.2241948948704601,2460258.8681950076,0,1.5707963267948966,28.447415718370973,TOI-2431 c,97.91824387731793,47.07011178265461,0,1.5707963267948966,45.84795147730108,28.447415718370973,27.724989815653707,Recovered
TOI-2431 b,0.22419532854752558,2460258.8685540496,0,1.5707963267948966,41.12003289959325,TOI-2431 c,90.4058123485625,43.946537980688746,0,1.5707963267948966,42.196771154224535,41.12003289959325,41.205941005481336,Recovered
TOI-2431 b,0.22419712453362428,2460258.8681752966,0,1.5707963267948966,2.41441813510464,TOI-2431 c,69.7209488288016,4.746291602336697,0,1.5707963267948966,38.1607569868397,2.41441813510464,2.5106981838494487,Recovered
TOI-2431 b,0.22419495476625492,2460258.868394527,0,1.5707963267948966,36.58753611090506,TOI-2431 c,39.58261155802278,3.0332270383943722,0,1.5707963267948966,23.957071760169896,36.58753611090506,34.6658062414077,Not Recovered
TOI-2431 b,0.2241950939493486,2460258.8683719756,0,1.5707963267948966,37.57318667763778,TOI-2431 c,94.0136904735757,20.647469660742914,0,1.5707963267948966,32.14821892454054,37.57318667763778,38.14281968339053,Recovered
TOI-2431 b,0.2241953786088886,2460258.8684190693,0,1.5707963267948966,15.06111965218404,TOI-2431 c,29.42476798326808,-10.151678340048614,0,1.5707963267948966,45.055473274624866,15.06111965218404,16.318805473324915,Recovered
TOI-2431 b,0.2241959070060906,2460258.8686260106,0,1.5707963267948966,30.364316012540588,TOI-2431 c,98.73409573596612,21.84065365336376,0,1.5707963267948966,44.7015042582599,30.364316012540588,29.69819423411046,Recovered
TOI-2431 b,0.22419525187278672,2460258.8686306844,0,1.5707963267948966,12.944544229309024,TOI-2431 c,11.586732331878444,3.964600244554406,0,1.5707963267948966,41.777002674324464,12.944544229309024,13.209560039402055,Recovered
TOI-2431 b,0.22419615283578506,2460258.8685558955,0,1.5707963267948966,48.779182326915674,TOI-2431 c,93.25489263613501,22.803330532024454,0,1.5707963267948966,12.068992206180068,48.779182326915674,52.310089090401185,Not Recovered
TOI-2431 b,0.2241961876380892,2460258.868397585,0,1.5707963267948966,42.606306646428784,TOI-2431 c,65.78055518472343,-6.208157842840173,0,1.5707963267948966,29.613478934189892,42.606306646428784,43.225448276402126,Recovered
TOI-2431 b,0.22419569355295993,2460258.868734931,0,1.5707963267948966,15.002522836519821,TOI-2431 c,71.90597471707707,34.20786478988171,0,1.5707963267948966,11.9047600298903,15.002522836519821,12.922239273074752,Not Recovered
TOI-2431 b,0.22419589912918567,2460258.868448397,0,1.5707963267948966,31.006843439862948,TOI-2431 c,82.78514376716413,14.859427127775945,0,1.5707963267948966,4.206656658368091,31.006843439862948,30.276158227069633,Recovered
TOI-2431 b,0.22419585439045608,2460258.8683101023,0,1.5707963267948966,19.69447180494775,TOI-2431 c,37.81975040780544,1.933761340976318,0,1.5707963267948966,0.6541866998777457,19.69447180494775,21.97639193284483,Recovered
TOI-2431 b,0.22419649319527726,2460258.8682583803,0,1.5707963267948966,49.33459129040333,TOI-2431 c,90.62383781995514,11.375392429766592,0,1.5707963267948966,8.001110094600639,49.33459129040333,48.020609079875584,Recovered
TOI-2431 b,0.22419597550141782,2460258.868568639,0,1.5707963267948966,30.629229719591226,TOI-2431 c,63.060444130240505,7.492667378040931,0,1.5707963267948966,19.36162798988687,30.629229719591226,29.702634906396106,Recovered
TOI-2431 b,0.22419509235263202,2460258.8686209247,0,1.5707963267948966,15.408878768352979,TOI-2431 c,43.95492306929838,18.954013793837316,0,1.5707963267948966,7.066571298942842,15.408878768352979,18.554209731567585,Not Recovered
TOI-2431 b,0.22419589778254947,2460258.8682646817,0,1.5707963267948966,11.573971387067312,TOI-2431 c,50.581374561252005,11.786937292600136,0,1.5707963267948966,0.9315675722459893,11.573971387067312,10.2635722690782,Recovered
TOI-2431 b,0.2241961512139146,2460258.86836334,0,1.5707963267948966,28.429203741004887,TOI-2431 c,99.0333613277081,-0.682297896976003,0,1.5707963267948966,46.187460222184086,28.429203741004887,28.425491041961422,Recovered
TOI-2431 b,0.22419541143852936,2460258.868669516,0,1.5707963267948966,10.878922660802697,TOI-2431 c,51.50701576883954,-17.748443704688615,0,1.5707963267948966,31.893796620111836,10.878922660802697,10.277667850294526,Recovered
TOI-2431 b,0.22419612101429842,2460258.868338633,0,1.5707963267948966,18.13012454553111,TOI-2431 c,62.97551153631662,30.899645290064903,0,1.5707963267948966,40.82448361441609,18.13012454553111,19.028692561957076,Recovered
TOI-2431 b,0.22419555113154788,2460258.8685252992,0,1.5707963267948966,12.84275523997075,TOI-2431 c,73.35038515961155,21.479120442311263,0,1.5707963267948966,35.34538655135703,12.84275523997075,13.894911167978458,Recovered
TOI-2431 b,0.2241961901591714,2460258.868410319,0,1.5707963267948966,23.642586968107825,TOI-2431 c,85.82869608068624,41.78188268288961,0,1.5707963267948966,7.912930549974206,23.642586968107825,24.681781768161155,Recovered
TOI-2431 b,0.22419563247575947,2460258.8685809136,0,1.5707963267948966,15.981823994336564,TOI-2431 c,45.91449062817628,20.28265406532944,0,1.5707963267948966,32.46898992816562,15.981823994336564,15.520640523148892,Recovered
TOI-2431 b,0.2241953424634171,2460258.8684362564,0,1.5707963267948966,19.3785597068582,TOI-2431 c,3.337972979491603,1.410214688603852,0,1.5707963267948966,7.668487928309364,19.3785597068582,21.010834146679485,Not Recovered
TOI-2431 b,0.22419567361781836,2460258.86859105,0,1.5707963267948966,26.9991277469427,TOI-2431 c,75.91839164705628,18.329805095159045,0,1.5707963267948966,38.17588123638554,26.9991277469427,28.072148031727057,Recovered
TOI-2431 b,0.22419616051005697,2460258.868359719,0,1.5707963267948966,39.12041986390252,TOI-2431 c,32.74730181140299,-11.511000677623912,0,1.5707963267948966,20.861381427881376,39.12041986390252,37.85464558555154,Recovered
TOI-2431 b,0.22419615197296328,2460258.8685985464,0,1.5707963267948966,49.3499385863357,TOI-2431 c,17.266188513088974,5.996208918412577,0,1.5707963267948966,39.818480030314845,49.3499385863357,48.01904404426708,Recovered
TOI-2431 b,0.22419567516833674,2460258.8685892764,0,1.5707963267948966,10.38664652150959,TOI-2431 c,34.59860796046427,3.2725966469937546,0,1.5707963267948966,15.63897310133976,10.38664652150959,12.577865484458284,Not Recovered
TOI-2431 b,0.22419604847181923,2460258.8687122473,0,1.5707963267948966,10.578864435038366,TOI-2431 c,44.76347640884635,-3.86107950381772,0,1.5707963267948966,6.041408865841874,10.578864435038366,9.704929506114828,Recovered
TOI-2431 b,0.22419573342363935,2460258.868854755,0,1.5707963267948966,39.18924483995734,TOI-2431 c,39.2586286013336,-14.830499241139695,0,1.5707963267948966,24.235471496283047,39.18924483995734,38.247734440390275,Recovered
TOI-2431 b,0.22419607097509453,2460258.868458179,0,1.5707963267948966,18.96613723848583,TOI-2431 c,17.622314632511884,-6.453228165680625,0,1.5707963267948966,36.07330253874766,18.96613723848583,18.456922777844827,Recovered
TOI-2431 b,0.22419591363617436,2460258.8685030476,0,1.5707963267948966,26.075099248350174,TOI-2431 c,2.0393144068956524,0.1741348644263525,0,1.5707963267948966,27.665855552460332,26.075099248350174,28.254406231484044,Not Recovered
TOI-2431 b,0.22419562979958835,2460258.868524141,0,1.5707963267948966,11.835650018190396,TOI-2431 c,21.677692679198884,4.073565571752431,0,1.5707963267948966,22.326633553425722,11.835650018190396,11.071325379568673,Recovered
TOI-2431 b,0.2241960461462649,2460258.8683654736,0,1.5707963267948966,16.944468706058586,TOI-2431 c,50.843182714785506,-2.4897632642051732,0,1.5707963267948966,3.3912546509789143,16.944468706058586,15.236596969688806,Not Recovered
TOI-2431 b,0.22419608511072944,2460258.8684514463,0,1.5707963267948966,36.216539957813424,TOI-2431 c,95.91519619765903,17.211192596712912,0,1.5707963267948966,22.78586703557658,36.216539957813424,35.20618477581575,Recovered
TOI-2431 b,0.22419542943314857,2460258.868167719,0,1.5707963267948966,47.026787756506785,TOI-2431 c,35.1233712801773,8.75724187936748,0,1.5707963267948966,0.05831883571814078,47.026787756506785,45.59557665516158,Recovered
TOI-2431 b,0.22419519496221338,2460258.8684792146,0,1.5707963267948966,4.018897648391922,TOI-2431 c,62.987070912214676,7.667669965886084,0,1.5707963267948966,15.762462884333118,4.018897648391922,3.982090016954585,Recovered
TOI-2431 b,0.22419554620290658,2460258.868444794,0,1.5707963267948966,39.763439577426944,TOI-2431 c,30.820498128696613,-4.5035001699439,0,1.5707963267948966,38.88983340323403,39.763439577426944,39.98973262161458,Recovered
TOI-2431 b,0.22419536449958327,2460258.8688274687,0,1.5707963267948966,13.144849104935025,TOI-2431 c,41.32122593048039,17.455756896244562,0,1.5707963267948966,17.45011765736619,13.144849104935025,12.933029290910142,Recovered
TOI-2431 b,0.2241957614160078,2460258.8685733564,0,1.5707963267948966,7.334249485264188,TOI-2431 c,68.68552443276252,-28.131707454718875,0,1.5707963267948966,26.657876799355222,7.334249485264188,4.7715690452914306,Not Recovered
TOI-2431 b,0.2241952288768658,2460258.8682775507,0,1.5707963267948966,21.440294247756004,TOI-2431 c,64.44239753303329,5.686121579993802,0,1.5707963267948966,38.48252500752466,21.440294247756004,23.192132342368453,Not Recovered
TOI-2431 b,0.2241958736730733,2460258.8685107906,0,1.5707963267948966,46.20864105554108,TOI-2431 c,80.65246872215752,-12.823181511067652,0,1.5707963267948966,8.267222529409924,46.20864105554108,45.494048854567595,Recovered
TOI-2431 b,0.22419562713841254,2460258.8688027593,0,1.5707963267948966,9.927749571429285,TOI-2431 c,19.930860649746577,6.25009124467374,0,1.5707963267948966,14.18789379677739,9.927749571429285,9.385468035170357,Recovered
TOI-2431 b,0.2241958799138874,2460258.868830827,0,1.5707963267948966,18.57647657313033,TOI-2431 c,47.83923678839266,-3.917804495505866,0,1.5707963267948966,14.053401575538704,18.57647657313033,20.23923970783061,Recovered
TOI-2431 b,0.22419701564326655,2460258.8685269807,0,1.5707963267948966,8.21376681624596,TOI-2431 c,25.702142181356674,3.015770757008374,0,1.5707963267948966,18.533783608171177,8.21376681624596,9.773842700692256,Recovered
TOI-2431 b,0.22419622569946454,2460258.8686965182,0,1.5707963267948966,38.358344496263186,TOI-2431 c,54.607953561417254,13.329890350408863,0,1.5707963267948966,23.881971750595916,38.358344496263186,38.117705533281764,Recovered
TOI-2431 b,0.22419588481020528,2460258.868571058,0,1.5707963267948966,23.4682576948401,TOI-2431 c,24.32052606935329,-1.8922396648320259,0,1.5707963267948966,40.10496800838364,23.4682576948401,23.00814485390377,Recovered
TOI-2431 b,0.22419597319979334,2460258.868459578,0,1.5707963267948966,16.74794759347732,TOI-2431 c,12.917495169250623,-4.290916775924449,0,1.5707963267948966,9.484952502096784,16.74794759347732,18.188741115043793,Recovered
TOI-2431 b,0.22419552496064676,2460258.868709261,0,1.5707963267948966,6.464171459043327,TOI-2431 c,40.93885335984642,-4.838261057628253,0,1.5707963267948966,0.7643471681947955,6.464171459043327,4.937539342745993,Recovered
TOI-2431 b,0.22419625251854872,2460258.8686343273,0,1.5707963267948966,34.71057702882452,TOI-2431 c,38.82931601920939,6.0902791839857855,0,1.5707963267948966,27.79241448855486,34.71057702882452,36.80351288936915,Not Recovered
TOI-2431 b,0.22419616829876488,2460258.8685511746,0,1.5707963267948966,44.72020102587059,TOI-2431 c,86.752728567527,-30.09520223369624,0,1.5707963267948966,38.05978443148302,44.72020102587059,45.0345525412092,Recovered
TOI-2431 b,0.22419617919382553,2460258.8685470056,0,1.5707963267948966,22.441057997161895,TOI-2431 c,29.004904475440114,-10.064332885984435,0,1.5707963267948966,34.394841161064434,22.441057997161895,24.51887311396368,Not Recovered
TOI-2431 b,0.22419630854340933,2460258.8685719897,0,1.5707963267948966,19.872430418634067,TOI-2431 c,26.45478177748881,8.889649575678334,0,1.5707963267948966,33.71762375229192,19.872430418634067,20.522201946216995,Recovered
TOI-2431 b,0.22419593917027225,2460258.8686998542,0,1.5707963267948966,19.65322295673375,TOI-2431 c,22.337751769457892,-7.0228009786352255,0,1.5707963267948966,38.194447747326436,19.65322295673375,18.602478657169954,Recovered
TOI-2431 b,0.22419605476254278,2460258.8685483607,0,1.5707963267948966,21.821919786977904,TOI-2431 c,21.925567838406646,7.487791948829001,0,1.5707963267948966,9.11372107525707,21.821919786977904,21.33746060989566,Recovered
TOI-2431 b,0.22419580642993825,2460258.868775758,0,1.5707963267948966,24.120751625700855,TOI-2431 c,68.04915452829317,-3.226650426538857,0,1.5707963267948966,18.865333678668822,24.120751625700855,21.47519800946379,Not Recovered
TOI-2431 b,0.22419551548780653,2460258.8681289465,0,1.5707963267948966,18.448061695000124,TOI-2431 c,80.86159711350169,8.054023102305493,0,1.5707963267948966,40.11208158534525,18.448061695000124,19.540706599589427,Recovered
TOI-2431 b,0.22419613085926365,2460258.8686987883,0,1.5707963267948966,48.78434362662728,TOI-2431 c,4.520427653853341,1.7275527917896674,0,1.5707963267948966,43.71744986328714,48.78434362662728,48.85424546441289,Recovered
TOI-2431 b,0.2241955262764493,2460258.86843276,0,1.5707963267948966,25.70071433136065,TOI-2431 c,98.11449174283217,-6.929725118503939,0,1.5707963267948966,32.769639704620346,25.70071433136065,24.174468410626638,Recovered
TOI-2431 b,0.2241964087573818,2460258.8687779205,0,1.5707963267948966,34.23071345247596,TOI-2431 c,60.40648213928197,-10.759772978254716,0,1.5707963267948966,32.79024455312853,34.23071345247596,33.53604780920965,Recovered
TOI-2431 b,0.2241960087304557,2460258.868478816,0,1.5707963267948966,33.777234292365165,TOI-2431 c,80.16654089024465,22.128093495469997,0,1.5707963267948966,22.39015377980748,33.777234292365165,33.96103614957418,Recovered
TOI-2431 b,0.22419584312868965,2460258.8683209284,0,1.5707963267948966,46.89300183095579,TOI-2431 c,29.062911484233304,-7.773107977075653,0,1.5707963267948966,29.096705231560833,46.89300183095579,48.30541454743669,Recovered
TOI-2431 b,0.22419648174137402,2460258.8686740356,0,1.5707963267948966,3.644264680178594,TOI-2431 c,35.617999466002146,-17.465303053068045,0,1.5707963267948966,25.290215683798596,3.644264680178594,1.5699844311799027,Not Recovered
TOI-2431 b,0.22419532375759413,2460258.8683371353,0,1.5707963267948966,40.8578376009546,TOI-2431 c,61.03388898516342,10.497439249437544,0,1.5707963267948966,6.321471693374403,40.8578376009546,41.989243502584,Recovered
TOI-2431 b,0.22419540802823387,2460258.868351328,0,1.5707963267948966,24.95351414225901,TOI-2431 c,59.86697712416742,1.483451726693076,0,1.5707963267948966,34.672746374288124,24.95351414225901,22.854151122377843,Recovered
TOI-2431 b,0.22419530822083678,2460258.868439839,0,1.5707963267948966,27.20197139798169,TOI-2431 c,32.12336782779866,15.455785756503783,0,1.5707963267948966,28.499446573515886,27.20197139798169,26.74695887981791,Recovered
TOI-2431 b,0.22419554993454277,2460258.8686206825,0,1.5707963267948966,37.95171853165519,TOI-2431 c,46.52916279055136,16.756586048427412,0,1.5707963267948966,5.6680818599920695,37.95171853165519,41.60332824909963,Not Recovered
TOI-2431 b,0.22419566565102478,2460258.8687321115,0,1.5707963267948966,23.587048599339788,TOI-2431 c,50.81108380241639,-0.08582947234421923,0,1.5707963267948966,34.836904255085756,23.587048599339788,23.545122102442132,Recovered
TOI-2431 b,0.22419529304981467,2460258.868700877,0,1.5707963267948966,6.8098698045523705,TOI-2431 c,92.58877849214946,-41.01626001011759,0,1.5707963267948966,31.603812843717943,6.8098698045523705,4.586698067388295,Not Recovered
TOI-2431 b,0.2241960982537727,2460258.8687613197,0,1.5707963267948966,40.0436873087625,TOI-2431 c,66.6747275035469,21.21223569917108,0,1.5707963267948966,41.30425826204923,40.0436873087625,41.08437691039722,Recovered
TOI-2431 b,0.2241959242708238,2460258.868405834,0,1.5707963267948966,18.097992731500646,TOI-2431 c,90.77415367512609,15.678139525737905,0,1.5707963267948966,34.46256003411434,18.097992731500646,18.09609765427693,Recovered
TOI-2431 b,0.22419630972473353,2460258.8683409444,0,1.5707963267948966,43.01859243075368,TOI-2431 c,22.956659721279323,7.85327268061965,0,1.5707963267948966,36.60785097261554,43.01859243075368,45.46086558317704,Not Recovered
TOI-2431 b,0.22419560187979648,2460258.8685144316,0,1.5707963267948966,22.949626140085954,TOI-2431 c,21.21676366002622,2.6564251035583837,0,1.5707963267948966,45.68816931583362,22.949626140085954,23.92882643507953,Recovered
TOI-2431 b,0.2241951576841281,2460258.8684303057,0,1.5707963267948966,32.95198048034044,TOI-2431 c,69.580497555157,11.543902223319158,0,1.5707963267948966,16.40656462647937,32.95198048034044,32.94223549594658,Recovered
TOI-2431 b,0.224196024649595,2460258.8687696145,0,1.5707963267948966,0.5267097158290324,TOI-2431 c,60.342218710623406,8.757862892842095,0,1.5707963267948966,0.8547508435969076,0.5267097158290324,1.192802073105059,Recovered
TOI-2431 b,0.2241956992118563,2460258.868675835,0,1.5707963267948966,18.47943614852663,TOI-2431 c,68.36635462623175,16.72710548701562,0,1.5707963267948966,26.90966019901284,18.47943614852663,19.440883782944656,Recovered
TOI-2431 b,0.22419568335239953,2460258.8684529513,0,1.5707963267948966,1.2346244968208187,TOI-2431 c,36.93568593515981,-4.489990489007512,0,1.5707963267948966,11.995403731294763,1.2346244968208187,0.7517841334735169,Recovered
TOI-2431 b,0.2241964387589693,2460258.8686820897,0,1.5707963267948966,8.209683039863192,TOI-2431 c,72.76100972371492,3.845699612099267,0,1.5707963267948966,18.48113617356618,8.209683039863192,7.985120056450275,Recovered
TOI-2431 b,0.22419615163337567,2460258.8688121657,0,1.5707963267948966,7.82803305360375,TOI-2431 c,79.47957216205674,16.26542986379146,0,1.5707963267948966,5.520960054710411,7.82803305360375,7.487911218646246,Recovered
TOI-2431 b,0.2241951796044297,2460258.8684501434,0,1.5707963267948966,35.40105172065994,TOI-2431 c,51.13838524332697,23.4540777963286,0,1.5707963267948966,37.83269476336662,35.40105172065994,34.574929435578824,Recovered
TOI-2431 b,0.2241960637458427,2460258.868677174,0,1.5707963267948966,3.116855372830524,TOI-2431 c,20.68103824473684,8.114218536490931,0,1.5707963267948966,17.209048879148668,3.116855372830524,1.8724676120292334,Recovered
TOI-2431 b,0.22419539879567255,2460258.868338981,0,1.5707963267948966,42.447499133366414,TOI-2431 c,20.61331985904488,7.79896194059312,0,1.5707963267948966,36.06306272302496,42.447499133366414,43.72306152332766,Recovered
TOI-2431 b,0.2241961171510046,2460258.8687781254,0,1.5707963267948966,0.920117520863295,TOI-2431 c,47.42559164100426,-2.900302552096779,0,1.5707963267948966,4.5650307857398325,0.920117520863295,2.925361566426786,Not Recovered
TOI-2431 b,0.2241958680234388,2460258.868489729,0,1.5707963267948966,5.899526440690278,TOI-2431 c,88.88486884804387,-26.671214190912927,0,1.5707963267948966,18.91910163688989,5.899526440690278,4.3301296914682395,Recovered
TOI-2431 b,0.22419589389882028,2460258.8685041303,0,1.5707963267948966,31.306849433531525,TOI-2431 c,11.223308986402229,-5.5730580752309145,0,1.5707963267948966,14.951454025242311,31.306849433531525,30.79322234004909,Recovered
TOI-2431 b,0.2241960382408572,2460258.8685013675,0,1.5707963267948966,41.19596096283441,TOI-2431 c,51.856788635482644,-4.029874971974738,0,1.5707963267948966,44.13603621560332,41.19596096283441,38.39043300777133,Not Recovered
TOI-2431 b,0.22419606182976365,2460258.868429133,0,1.5707963267948966,24.725336893162815,TOI-2431 c,34.416106788434156,4.877031996485545,0,1.5707963267948966,40.40853459773297,24.725336893162815,26.67202699329077,Not Recovered
TOI-2431 b,0.22419662742197055,2460258.868545612,0,1.5707963267948966,8.249363195011966,TOI-2431 c,35.318325553595635,-4.130950041445979,0,1.5707963267948966,4.641121530022868,8.249363195011966,8.241279716875503,Recovered
TOI-2431 b,0.2241949413975235,2460258.868759672,0,1.5707963267948966,0.9618633365240437,TOI-2431 c,81.30668371208185,-33.877981551326926,0,1.5707963267948966,31.178810003158613,0.9618633365240437,1.6869269598506509,Recovered
TOI-2431 b,0.22419594581598493,2460258.8686554143,0,1.5707963267948966,14.421831074696506,TOI-2431 c,14.090641277692363,1.477489737560525,0,1.5707963267948966,32.145544264266,14.421831074696506,15.27291867949797,Recovered
TOI-2431 b,0.2241954675042324,2460258.8685658653,0,1.5707963267948966,3.3924810406734283,TOI-2431 c,60.02040434260238,23.853955599389753,0,1.5707963267948966,29.12699813454819,3.3924810406734283,3.542752834265614,Recovered
TOI-2431 b,0.2241960388649024,2460258.8685427117,0,1.5707963267948966,2.786829950282815,TOI-2431 c,63.67337112869028,-10.634254769471124,0,1.5707963267948966,40.250297895722944,2.786829950282815,1.2679262549845616,Not Recovered
TOI-2431 b,0.22419566575986202,2460258.8685210175,0,1.5707963267948966,20.96091081906784,TOI-2431 c,89.1156198748967,9.231524975546542,0,1.5707963267948966,2.513361743638265,20.96091081906784,20.27650290495187,Recovered
TOI-2431 b,0.22419595673342985,2460258.8682530085,0,1.5707963267948966,19.032081916405453,TOI-2431 c,58.176754609022304,-4.904289031814077,0,1.5707963267948966,25.986229832467718,19.032081916405453,19.520238536716356,Recovered
TOI-2431 b,0.2241953563467398,2460258.8682492566,0,1.5707963267948966,8.79212331296959,TOI-2431 c,81.24019333145903,36.768568961920415,0,1.5707963267948966,21.862018147156725,8.79212331296959,7.74469068915805,Recovered
TOI-2431 b,0.2241954018379449,2460258.868225295,0,1.5707963267948966,30.15716518397334,TOI-2431 c,23.66830854252705,3.6440163805689085,0,1.5707963267948966,35.96579454254004,30.15716518397334,32.53222871289246,Not Recovered
TOI-2431 b,0.22419558746361004,2460258.868550148,0,1.5707963267948966,35.10180406203514,TOI-2431 c,73.2329854616552,-2.276162235843316,0,1.5707963267948966,3.0835523625129757,35.10180406203514,31.108964141504583,Not Recovered
TOI-2431 b,0.2241956854019201,2460258.86862158,0,1.5707963267948966,37.74194524403028,TOI-2431 c,69.02568636475704,33.127674702908905,0,1.5707963267948966,5.356763489612371,37.74194524403028,36.25976210813056,Recovered
TOI-2431 b,0.22419610281623378,2460258.868465681,0,1.5707963267948966,7.096782558244369,TOI-2431 c,7.791152383650907,2.5870436924152536,0,1.5707963267948966,16.708147294145547,7.096782558244369,7.554513252930489,Recovered
TOI-2431 b,0.22419441048521488,2460258.868469521,0,1.5707963267948966,43.89380846665621,TOI-2431 c,47.36423799688477,16.813457553527307,0,1.5707963267948966,31.495982200981597,43.89380846665621,43.02312901928494,Recovered
TOI-2431 b,0.22419620282163585,2460258.868497314,0,1.5707963267948966,33.12690266388867,TOI-2431 c,78.21346427498528,25.16896409635696,0,1.5707963267948966,26.1729849567958,33.12690266388867,33.616014706096486,Recovered
TOI-2431 b,0.22419574668857495,2460258.868288628,0,1.5707963267948966,22.341383137383332,TOI-2431 c,16.907222519073056,-0.17898313475716954,0,1.5707963267948966,17.580503000903953,22.341383137383332,23.350838858749857,Recovered
TOI-2431 b,0.2241961357259809,2460258.8686056132,0,1.5707963267948966,15.075125690691337,TOI-2431 c,51.417608583652495,-19.674415543352783,0,1.5707963267948966,9.806186709381393,15.075125690691337,15.190402399526182,Recovered
TOI-2431 b,0.2241963414961859,2460258.8687086953,0,1.5707963267948966,25.028992192320658,TOI-2431 c,90.38220876485532,34.973388107254685,0,1.5707963267948966,24.316434395295687,25.028992192320658,27.163453314043842,Not Recovered
TOI-2431 b,0.224196097975874,2460258.8686527982,0,1.5707963267948966,1.3720730995517183,TOI-2431 c,29.89148449769184,-6.1764198830672825,0,1.5707963267948966,6.272249304988398,1.3720730995517183,3.576526853732204,Not Recovered
TOI-2431 b,0.2241956888250511,2460258.8686788757,0,1.5707963267948966,46.446017000864366,TOI-2431 c,51.25534809071492,25.209870377678143,0,1.5707963267948966,7.526381544935218,46.446017000864366,45.85720461553257,Recovered
TOI-2431 b,0.22419576985906794,2460258.8686249275,0,1.5707963267948966,26.819793160286554,TOI-2431 c,11.056791204082302,0.2710160275072955,0,1.5707963267948966,18.777480137358044,26.819793160286554,26.630203541976364,Recovered
TOI-2431 b,0.2241962188371351,2460258.8685495835,0,1.5707963267948966,6.499406024160065,TOI-2431 c,81.813914419739,-3.53762424263396,0,1.5707963267948966,4.71028741185977,6.499406024160065,5.649415964724483,Recovered
TOI-2431 b,0.22419586534426209,2460258.868357025,0,1.5707963267948966,12.306950971531593,TOI-2431 c,16.11056955104474,3.6240244067370657,0,1.5707963267948966,11.515530874040303,12.306950971531593,12.995877769340392,Recovered
TOI-2431 b,0.2241956016439131,2460258.8686833642,0,1.5707963267948966,17.884408370479747,TOI-2431 c,79.58186622426639,6.6159394068502095,0,1.5707963267948966,30.94757571425696,17.884408370479747,17.77288340678678,Recovered
TOI-2431 b,0.22419643515525925,2460258.868428739,0,1.5707963267948966,39.432376088375406,TOI-2431 c,94.834731499072,22.685357352825605,0,1.5707963267948966,12.14566737118956,39.432376088375406,41.68285460504915,Not Recovered
TOI-2431 b,0.22419604245583546,2460258.868511805,0,1.5707963267948966,17.28889298715347,TOI-2431 c,4.586637363806684,-2.0981626104934468,0,1.5707963267948966,44.4688631283023,17.28889298715347,14.152969861519566,Not Recovered
TOI-2431 b,0.22419571536798957,2460258.8686016263,0,1.5707963267948966,2.2389818108541073,TOI-2431 c,74.0511584301318,7.588200768316604,0,1.5707963267948966,24.202495220117942,2.2389818108541073,2.680852644789552,Recovered
TOI-2431 b,0.2241964981773928,2460258.8684605337,0,1.5707963267948966,13.410357491875752,TOI-2431 c,20.1325571618465,6.789658236618372,0,1.5707963267948966,30.192978313840513,13.410357491875752,13.797842162685477,Recovered
TOI-2431 b,0.22419596757727553,2460258.868555445,0,1.5707963267948966,20.339309686961354,TOI-2431 c,35.392228508273995,0.48769279454826275,0,1.5707963267948966,44.03589573738837,20.339309686961354,21.2809994338653,Recovered
TOI-2431 b,0.22419573463040837,2460258.8688135026,0,1.5707963267948966,33.19882899547678,TOI-2431 c,40.99785352356201,13.958889782650406,0,1.5707963267948966,31.902485018151566,33.19882899547678,34.05988784420072,Recovered
TOI-2431 b,0.22419580586575888,2460258.8684716406,0,1.5707963267948966,12.280633157544152,TOI-2431 c,86.00228029736299,19.09935688110417,0,1.5707963267948966,4.524797802638897,12.280633157544152,13.760392994565258,Recovered
TOI-2431 b,0.2241961018634769,2460258.868515448,0,1.5707963267948966,19.41274286660684,TOI-2431 c,9.962044656775582,-2.5228946541186037,0,1.5707963267948966,18.019461354038192,19.41274286660684,18.48516552610517,Recovered
TOI-2431 b,0.22419503810935185,2460258.8687331113,0,1.5707963267948966,5.648585168555787,TOI-2431 c,38.130229838557874,17.096785074620765,0,1.5707963267948966,24.636112151749973,5.648585168555787,5.160647277768226,Recovered
TOI-2431 b,0.22419523419682047,2460258.8682964677,0,1.5707963267948966,42.922708230181236,TOI-2431 c,59.43348399335249,27.659075843499632,0,1.5707963267948966,5.5492914680423,42.922708230181236,41.74678919587715,Recovered
TOI-2431 b,0.22419650771226105,2460258.8685341137,0,1.5707963267948966,42.849346554940084,TOI-2431 c,52.144615015425764,22.158210743811193,0,1.5707963267948966,4.663704938038249,42.849346554940084,41.93617283430041,Recovered
TOI-2431 b,0.224195540937693,2460258.868554803,0,1.5707963267948966,11.507551534484156,TOI-2431 c,86.43707648587896,4.842048060705039,0,1.5707963267948966,7.414930323925178,11.507551534484156,10.30397159033347,Recovered
TOI-2431 b,0.22419575974588782,2460258.8684259057,0,1.5707963267948966,34.0192779019305,TOI-2431 c,85.57817534102071,-6.0719666578238005,0,1.5707963267948966,11.128074370845125,34.0192779019305,36.27405967017532,Not Recovered
TOI-2431 b,0.22419571860437543,2460258.8684972418,0,1.5707963267948966,25.72682891080764,TOI-2431 c,80.75249406128276,-31.60811214654568,0,1.5707963267948966,38.431460466459065,25.72682891080764,28.17395419809145,Not Recovered
TOI-2431 b,0.22419599472027335,2460258.8685755073,0,1.5707963267948966,0.18508946761308098,TOI-2431 c,51.057090920697384,-7.412203315495642,0,1.5707963267948966,22.41807967357299,0.18508946761308098,0.86027518865536,Not Recovered
TOI-2431 b,0.22419613427669471,2460258.8683194816,0,1.5707963267948966,27.52649519835999,TOI-2431 c,16.237635005150374,-4.000528474662651,0,1.5707963267948966,18.19535152935623,27.52649519835999,27.782523570088223,Recovered
TOI-2431 b,0.22419654614891799,2460258.8686073604,0,1.5707963267948966,26.75277802360993,TOI-2431 c,83.77814362247604,12.710393020191688,0,1.5707963267948966,49.80945492603474,26.75277802360993,24.088788576164127,Recovered
TOI-2431 b,0.2241954336954625,2460258.8685474684,0,1.5707963267948966,36.01203856832996,TOI-2431 c,47.97584880951687,12.017329279608557,0,1.5707963267948966,43.186582007941055,36.01203856832996,38.59692048910374,Not Recovered
TOI-2431 b,0.2241956417029462,2460258.8684755554,0,1.5707963267948966,11.395287824653282,TOI-2431 c,21.61284138979611,2.788371970266679,0,1.5707963267948966,19.920767084946135,11.395287824653282,10.919826076787508,Recovered
TOI-2431 b,0.2241957355371625,2460258.8684899816,0,1.5707963267948966,16.889707567815883,TOI-2431 c,6.246682487551282,0.5247315304771543,0,1.5707963267948966,0.6918019654565954,16.889707567815883,15.849059037585395,Recovered
TOI-2431 b,0.22419543758171082,2460258.86869936,0,1.5707963267948966,35.20767284692335,TOI-2431 c,16.752922683150263,1.9720439699840178,0,1.5707963267948966,27.558345973438186,35.20767284692335,40.02058020753811,Not Recovered
TOI-2431 b,0.22419580614647502,2460258.8685299484,0,1.5707963267948966,14.809599876415596,TOI-2431 c,38.021390361970504,13.489702115594618,0,1.5707963267948966,20.922022407347917,14.809599876415596,14.16042404340193,Recovered
TOI-2431 b,0.22419636773511795,2460258.868804744,0,1.5707963267948966,6.779107250937072,TOI-2431 c,89.43069425870262,23.35904134578582,0,1.5707963267948966,29.589105148005178,6.779107250937072,9.996577590100708,Not Recovered
TOI-2431 b,0.22419597131111296,2460258.8684997093,0,1.5707963267948966,38.481177376951194,TOI-2431 c,1.3087946106458306,-0.5837654135092829,0,1.5707963267948966,16.120207887918987,38.481177376951194,40.93257297966787,Not Recovered
TOI-2431 b,0.22419598972973065,2460258.868308236,0,1.5707963267948966,3.4952329184761375,TOI-2431 c,37.552550811791534,-12.255919545985734,0,1.5707963267948966,37.27391745523327,3.4952329184761375,3.311135171331251,Recovered
TOI-2431 b,0.22419576930406845,2460258.8684172546,0,1.5707963267948966,35.09537127655708,TOI-2431 c,59.22430835497128,8.965189731016853,0,1.5707963267948966,31.134998608745335,35.09537127655708,32.98048323463359,Not Recovered
TOI-2431 b,0.22419574964703062,2460258.868553375,0,1.5707963267948966,44.91661327824738,TOI-2431 c,82.21709439823053,-15.550461338354182,0,1.5707963267948966,47.71849979466641,44.91661327824738,46.10352862229044,Recovered
TOI-2431 b,0.2241950136919087,2460258.8685614886,0,1.5707963267948966,12.049795935570435,TOI-2431 c,39.776396695180985,3.9927980712388624,0,1.5707963267948966,32.564002885876256,12.049795935570435,14.58138580643082,Not Recovered
TOI-2431 b,0.2241957088604789,2460258.8685984625,0,1.5707963267948966,8.073713247261155,TOI-2431 c,23.22622435654808,2.4642571151814696,0,1.5707963267948966,46.76567569536094,8.073713247261155,9.594532405555931,Recovered
TOI-2431 b,0.2241957100036249,2460258.868643895,0,1.5707963267948966,22.927488415372014,TOI-2431 c,32.674009577916195,15.554418351679587,0,1.5707963267948966,30.28290380853021,22.927488415372014,23.369469529617866,Recovered
TOI-2431 b,0.22419588878580396,2460258.8685028143,0,1.5707963267948966,27.74643812664719,TOI-2431 c,89.74867610377595,-43.42123656493874,0,1.5707963267948966,40.17505765724042,27.74643812664719,28.47417122681166,Recovered
TOI-2431 b,0.22419609569969912,2460258.868657245,0,1.5707963267948966,34.71383932843399,TOI-2431 c,68.99199329312793,1.5192568442344836,0,1.5707963267948966,13.911454200766538,34.71383932843399,37.067254934463186,Not Recovered
TOI-2431 b,0.22419647751303864,2460258.868699979,0,1.5707963267948966,48.269453467708004,TOI-2431 c,76.60839718375985,-5.478243891091687,0,1.5707963267948966,7.479528474599278,48.269453467708004,49.014802104135974,Recovered
TOI-2431 b,0.22419643768068417,2460258.8684197734,0,1.5707963267948966,8.978659351902568,TOI-2431 c,47.432369022561865,2.687202198994406,0,1.5707963267948966,49.51968812230365,8.978659351902568,11.57617968993858,Not Recovered
TOI-2431 b,0.22419492070245525,2460258.86853779,0,1.5707963267948966,2.8628688889258846,TOI-2431 c,43.24119026695572,3.4864518819473567,0,1.5707963267948966,10.041929559095287,2.8628688889258846,2.712141774854092,Recovered
TOI-2431 b,0.2241960178372759,2460258.8685649065,0,1.5707963267948966,10.947797272936072,TOI-2431 c,98.59960885029196,-44.98930851026996,0,1.5707963267948966,47.83149693769418,10.947797272936072,10.255284009044757,Recovered
TOI-2431 b,0.2241958775839336,2460258.868473456,0,1.5707963267948966,35.18292712477619,TOI-2431 c,39.33009630826186,5.992389079997686,0,1.5707963267948966,24.246359014795722,35.18292712477619,35.28421249826726,Recovered
TOI-2431 b,0.2241959920615069,2460258.8684629477,0,1.5707963267948966,20.738525342654846,TOI-2431 c,75.52126472356665,-15.900649302282336,0,1.5707963267948966,0.6951035350068746,20.738525342654846,21.40285444860997,Recovered
TOI-2431 b,0.22419631049448213,2460258.868577532,0,1.5707963267948966,45.25098791099755,TOI-2431 c,58.67752357815715,-6.427913980128601,0,1.5707963267948966,8.861355421974665,45.25098791099755,47.24313639643856,Not Recovered
TOI-2431 b,0.22419561694577775,2460258.8686542,0,1.5707963267948966,8.592708920964343,TOI-2431 c,85.40635111864711,-9.674834953094553,0,1.5707963267948966,45.23737840607485,8.592708920964343,10.06041483677567,Recovered
TOI-2431 b,0.22419571590842005,2460258.8686882583,0,1.5707963267948966,9.356397095104303,TOI-2431 c,45.08855501505043,-8.17234111927572,0,1.5707963267948966,6.303906858954522,9.356397095104303,9.368952521490236,Recovered
TOI-2431 b,0.2241961936926828,2460258.8687952976,0,1.5707963267948966,42.94243011180552,TOI-2431 c,66.56523173354235,-2.1353377226140218,0,1.5707963267948966,47.6462685630457,42.94243011180552,43.00324004802649,Recovered
TOI-2431 b,0.2241958464747689,2460258.868616685,0,1.5707963267948966,42.285772638789446,TOI-2431 c,18.876796658174776,7.807290964680721,0,1.5707963267948966,17.338243863028264,42.285772638789446,42.03228839139027,Recovered
TOI-2431 b,0.22419590511947735,2460258.8684555185,0,1.5707963267948966,41.53717326564818,TOI-2431 c,24.3394824354915,5.914145390738641,0,1.5707963267948966,38.05578606802161,41.53717326564818,44.39116026788932,Not Recovered
TOI-2431 b,0.22419685428287445,2460258.868445471,0,1.5707963267948966,31.236793419228338,TOI-2431 c,90.77128066259414,17.293740609963677,0,1.5707963267948966,18.77252949823502,31.236793419228338,33.95411799386446,Not Recovered
TOI-2431 b,0.22419554153244386,2460258.868527804,0,1.5707963267948966,39.54444855972938,TOI-2431 c,68.36227672473126,-14.44826068546525,0,1.5707963267948966,12.466787574165899,39.54444855972938,40.2900302595547,Recovered
TOI-2431 b,0.22419589048471855,2460258.868380443,0,1.5707963267948966,26.531200161500106,TOI-2431 c,61.821896330212134,-18.415070958393947,0,1.5707963267948966,44.571147613321145,26.531200161500106,27.593884451437777,Recovered
TOI-2431 b,0.22419606999721195,2460258.8684505047,0,1.5707963267948966,25.75026630302758,TOI-2431 c,56.32142210579444,-14.243529272559742,0,1.5707963267948966,46.15751822247275,25.75026630302758,27.310128433760035,Recovered
TOI-2431 b,0.22419549132286354,2460258.86879983,0,1.5707963267948966,41.17116809118988,TOI-2431 c,38.52291174585112,12.86289752484823,0,1.5707963267948966,3.9296615077595964,41.17116809118988,41.58239697267931,Recovered
TOI-2431 b,0.22419594678390994,2460258.8680435866,0,1.5707963267948966,42.38726197131884,TOI-2431 c,24.773536732309378,1.9942169357255857,0,1.5707963267948966,37.57307293286488,42.38726197131884,43.333312978182605,Recovered
TOI-2431 b,0.22419561323229495,2460258.8685499025,0,1.5707963267948966,17.013781724660422,TOI-2431 c,87.85018464480048,42.116663693955836,0,1.5707963267948966,0.027325778740971973,17.013781724660422,17.051661162959952,Recovered
TOI-2431 b,0.224195992523124,2460258.8685217164,0,1.5707963267948966,31.164430322944813,TOI-2431 c,62.49780126961354,-30.85426992592137,0,1.5707963267948966,0.4240826517738494,31.164430322944813,35.11110041204963,Not Recovered
TOI-2431 b,0.22419534674185146,2460258.868604515,0,1.5707963267948966,5.142130526248733,TOI-2431 c,6.789273563562617,1.9621481167964339,0,1.5707963267948966,16.734672584913895,5.142130526248733,4.961866419287372,Recovered
TOI-2431 b,0.22419499040790786,2460258.86865041,0,1.5707963267948966,29.143495234669984,TOI-2431 c,47.439030898462626,-22.50428906444784,0,1.5707963267948966,25.695857588985486,29.143495234669984,28.67378447724405,Recovered
TOI-2431 b,0.22419565952208506,2460258.868671939,0,1.5707963267948966,8.887717732099782,TOI-2431 c,43.63203028859776,-17.757226080346314,0,1.5707963267948966,40.648839200684236,8.887717732099782,10.445937823679328,Recovered
TOI-2431 b,0.22419623237407868,2460258.8685458903,0,1.5707963267948966,14.05770433784902,TOI-2431 c,26.47301524437526,9.7257975812491,0,1.5707963267948966,36.63798737641597,14.05770433784902,16.189301459705042,Not Recovered
TOI-2431 b,0.2241959097432085,2460258.868724308,0,1.5707963267948966,44.96392753313362,TOI-2431 c,79.66352742297714,31.234774537413948,0,1.5707963267948966,20.32937871085275,44.96392753313362,45.74779458528881,Recovered
TOI-2431 b,0.22419541810957638,2460258.8684539455,0,1.5707963267948966,13.964296830061574,TOI-2431 c,97.46176909578928,-25.195981707510033,0,1.5707963267948966,16.738397980545557,13.964296830061574,14.392356330051799,Recovered
TOI-2431 b,0.22419624528873472,2460258.8682186306,0,1.5707963267948966,43.695368329730385,TOI-2431 c,24.899936340212683,0.07779952962639491,0,1.5707963267948966,16.353155032787537,43.695368329730385,43.63243910990114,Recovered
TOI-2431 b,0.22419560880186043,2460258.868537685,0,1.5707963267948966,11.125428887524668,TOI-2431 c,16.896592614540737,0.5354687376526428,0,1.5707963267948966,37.34091576513124,11.125428887524668,9.637499555898016,Recovered
TOI-2431 b,0.22419543798172012,2460258.8685821043,0,1.5707963267948966,3.4700546955717226,TOI-2431 c,63.461544864564864,12.17483433076897,0,1.5707963267948966,21.580692671672015,3.4700546955717226,3.4846064171739743,Recovered
TOI-2431 b,0.22419581812026104,2460258.868384018,0,1.5707963267948966,3.5672228197351217,TOI-2431 c,44.367327487201095,-0.16421452583493945,0,1.5707963267948966,38.81853772130241,3.5672228197351217,1.6508684084700627,Not Recovered
TOI-2431 b,0.22419559874790765,2460258.868397339,0,1.5707963267948966,39.89624435327348,TOI-2431 c,85.12424014537696,-9.915861394178712,0,1.5707963267948966,45.05762125736496,39.89624435327348,39.84735148650144,Recovered
TOI-2431 b,0.22419575160914498,2460258.868677592,0,1.5707963267948966,46.9530232133478,TOI-2431 c,82.92628678944047,-38.871675766796066,0,1.5707963267948966,5.8544280674018845,46.9530232133478,46.127083921071666,Recovered
TOI-2431 b,0.22419568762628744,2460258.8684874647,0,1.5707963267948966,47.03316947195872,TOI-2431 c,79.39523468411409,-7.42464908598825,0,1.5707963267948966,34.92852498775855,47.03316947195872,47.992303231789336,Recovered
TOI-2431 b,0.2241957987784154,2460258.8685499635,0,1.5707963267948966,10.82817971492777,TOI-2431 c,53.13195474828002,-18.504003609629848,0,1.5707963267948966,32.0482461739361,10.82817971492777,7.544042904606605,Not Recovered
TOI-2431 b,0.22419522883306894,2460258.86866879,0,1.5707963267948966,24.73823033708782,TOI-2431 c,84.35713515706723,15.473518188130164,0,1.5707963267948966,34.22088950364913,24.73823033708782,23.417301142110215,Recovered
TOI-2431 b,0.224195707268097,2460258.8684812924,0,1.5707963267948966,42.787018376773325,TOI-2431 c,57.52877167628019,-26.039816566144673,0,1.5707963267948966,16.936737302180205,42.787018376773325,43.11377388596462,Recovered
TOI-2431 b,0.22419610995151454,2460258.868448017,0,1.5707963267948966,5.130941048748139,TOI-2431 c,15.3957009735007,6.707711053092752,0,1.5707963267948966,9.037255587166815,5.130941048748139,5.160142985831421,Recovered
TOI-2431 b,0.22419583489634343,2460258.868641184,0,1.5707963267948966,2.8759227812994226,TOI-2431 c,98.67578870252783,37.47761377673008,0,1.5707963267948966,31.094970583660984,2.8759227812994226,2.3478708387205844,Recovered
TOI-2431 b,0.22419582151470044,2460258.8685482363,0,1.5707963267948966,14.470311634959232,TOI-2431 c,98.6973384825342,-15.461460336029504,0,1.5707963267948966,47.39446112547695,14.470311634959232,15.229236488599843,Recovered
TOI-2431 b,0.22419632897298428,2460258.8685220378,0,1.5707963267948966,40.9869519999828,TOI-2431 c,46.112087023867204,-15.274769703988447,0,1.5707963267948966,32.666425231136195,40.9869519999828,42.917072948995404,Not Recovered
TOI-2431 b,0.22419571197914356,2460258.8684636685,0,1.5707963267948966,15.2897582869152,TOI-2431 c,32.688723907452264,2.89219687551288,0,1.5707963267948966,42.99687523311018,15.2897582869152,11.157304420609904,Not Recovered
TOI-2431 b,0.22419568614769714,2460258.8687375644,0,1.5707963267948966,7.648944261679269,TOI-2431 c,27.418219636175714,-10.680192524887685,0,1.5707963267948966,47.23424082052073,7.648944261679269,11.48382092528405,Not Recovered
TOI-2431 b,0.22419560474897068,2460258.8686579904,0,1.5707963267948966,41.89412893431656,TOI-2431 c,56.22255627667594,-23.655129896703645,0,1.5707963267948966,3.8375198639621577,41.89412893431656,41.02745022284344,Recovered
TOI-2431 b,0.2241959029500053,2460258.868471661,0,1.5707963267948966,23.098456467267482,TOI-2431 c,63.27622815213975,29.173297846685188,0,1.5707963267948966,0.7548872337888868,23.098456467267482,25.470866779282012,Not Recovered
TOI-2431 b,0.2241952493430248,2460258.8685747483,0,1.5707963267948966,23.4715811005707,TOI-2431 c,32.5989345449257,-13.020780988830651,0,1.5707963267948966,31.94579932786208,23.4715811005707,24.262263740520716,Recovered
TOI-2431 b,0.22419521640895124,2460258.8686280022,0,1.5707963267948966,31.178355513359463,TOI-2431 c,6.164578845788644,-2.457409189706703,0,1.5707963267948966,28.1275298068269,31.178355513359463,34.07089997253756,Not Recovered
TOI-2431 b,0.2241959515887936,2460258.8683766285,0,1.5707963267948966,38.57313338449906,TOI-2431 c,82.7425115679833,-15.299302370653852,0,1.5707963267948966,47.27635005332035,38.57313338449906,38.740425058782876,Recovered
TOI-2431 b,0.22419657117065414,2460258.868477925,0,1.5707963267948966,28.16815460659012,TOI-2431 c,57.65102403336075,-13.248006104137882,0,1.5707963267948966,26.054281368072235,28.16815460659012,27.551842679844185,Recovered
TOI-2431 b,0.22419527591363186,2460258.8683378925,0,1.5707963267948966,8.093237502362172,TOI-2431 c,56.62002992574456,18.245039371236267,0,1.5707963267948966,6.550640441344346,8.093237502362172,8.901503927288829,Recovered
TOI-2431 b,0.2241949401416454,2460258.868338352,0,1.5707963267948966,1.076612537126792,TOI-2431 c,58.593700569187185,1.237715446561559,0,1.5707963267948966,36.11650561740351,1.076612537126792,2.298150541027392,Recovered
TOI-2431 b,0.22419673563705145,2460258.8686980233,0,1.5707963267948966,7.2346608363832114,TOI-2431 c,41.11907509091977,-15.411061859903532,0,1.5707963267948966,25.52916475594214,7.2346608363832114,5.417706595136628,Not Recovered
TOI-2431 b,0.22419553895544725,2460258.868440076,0,1.5707963267948966,21.199917044338175,TOI-2431 c,79.36935078003732,8.694146106794435,0,1.5707963267948966,22.067090886637246,21.199917044338175,21.936605072327776,Recovered
TOI-2431 b,0.22419569367006556,2460258.8683172893,0,1.5707963267948966,42.27229547695307,TOI-2431 c,22.946626978269865,3.8583275106984907,0,1.5707963267948966,28.776767206616842,42.27229547695307,43.23227198554621,Recovered
TOI-2431 b,0.2241954745813307,2460258.868553935,0,1.5707963267948966,39.7286487278384,TOI-2431 c,53.496653029936354,-1.058916149208443,0,1.5707963267948966,3.19399446608456,39.7286487278384,39.1905928175049,Recovered
TOI-2431 b,0.22419603060049037,2460258.8685100125,0,1.5707963267948966,31.753063760749594,TOI-2431 c,98.576758505238,11.78213645786802,0,1.5707963267948966,26.786841833185974,31.753063760749594,30.49106095512396,Recovered
TOI-2431 b,0.2241959019917068,2460258.8681910643,0,1.5707963267948966,34.809136107843166,TOI-2431 c,2.29240328365031,0.1886689817793301,0,1.5707963267948966,22.913688132477738,34.809136107843166,36.420790547945074,Recovered
TOI-2431 b,0.22419587961026907,2460258.8683962603,0,1.5707963267948966,38.649684024177894,TOI-2431 c,19.071410894218936,9.184167669355475,0,1.5707963267948966,13.541272908826802,38.649684024177894,39.26943197159757,Recovered
TOI-2431 b,0.22419603583921513,2460258.8687645122,0,1.5707963267948966,48.66497213730212,TOI-2431 c,3.3931134138871704,0.27374363069221785,0,1.5707963267948966,6.393391149741495,48.66497213730212,51.0580014310286,Not Recovered
TOI-2431 b,0.22419584825406993,2460258.8684439063,0,1.5707963267948966,2.6740135349447858,TOI-2431 c,66.65594360419173,8.63903493060672,0,1.5707963267948966,13.183470285263299,2.6740135349447858,1.3300415487295612,Recovered
TOI-2431 b,0.22419573173352134,2460258.8681614785,0,1.5707963267948966,42.86272414050138,TOI-2431 c,68.15228489101965,7.424403722862806,0,1.5707963267948966,46.598451433497715,42.86272414050138,44.568281281665975,Not Recovered
TOI-2431 b,0.22419610254958022,2460258.8685834254,0,1.5707963267948966,17.437821865982855,TOI-2431 c,82.7032269711198,32.51022838062237,0,1.5707963267948966,3.8977115016011252,17.437821865982855,20.005074594354227,Not Recovered
TOI-2431 b,0.22419583646964383,2460258.868580476,0,1.5707963267948966,11.106220470770351,TOI-2431 c,84.81718726393508,31.34739611893834,0,1.5707963267948966,15.281626717263691,11.106220470770351,9.288730959360285,Not Recovered
TOI-2431 b,0.22419602397572086,2460258.8684603316,0,1.5707963267948966,2.177683188074214,TOI-2431 c,57.8409481094309,19.615569935805148,0,1.5707963267948966,45.75325297031367,2.177683188074214,1.9510389018084995,Recovered
TOI-2431 b,0.2241956270698038,2460258.8685765136,0,1.5707963267948966,36.82082088221255,TOI-2431 c,80.4368805412572,28.914052146343558,0,1.5707963267948966,5.9463592418863955,36.82082088221255,35.81996296420922,Recovered
TOI-2431 b,0.22419538893919638,2460258.8687316673,0,1.5707963267948966,6.659389225165019,TOI-2431 c,6.540140313276681,2.267343752177067,0,1.5707963267948966,29.65299637188577,6.659389225165019,7.029979980884689,Recovered
TOI-2431 b,0.22419532356128738,2460258.868702817,0,1.5707963267948966,47.39934478014287,TOI-2431 c,84.70746177414713,6.6212565124817075,0,1.5707963267948966,2.6404812404851485,47.39934478014287,47.04021863763271,Recovered
TOI-2431 b,0.22419603122966314,2460258.868272203,0,1.5707963267948966,9.114593868499593,TOI-2431 c,57.07730857645093,8.583959724283815,0,1.5707963267948966,2.887599146850861,9.114593868499593,5.1903197751304635,Not Recovered
TOI-2431 b,0.2241957570856122,2460258.868575199,0,1.5707963267948966,7.362804609132323,TOI-2431 c,57.373311541438085,-9.679825394094742,0,1.5707963267948966,49.64981679716276,7.362804609132323,5.922940997896185,Recovered
TOI-2431 b,0.22419581055342444,2460258.8686912674,0,1.5707963267948966,15.174707844403784,TOI-2431 c,2.7662311684681273,-0.017123513625001197,0,1.5707963267948966,32.081003074675756,15.174707844403784,17.951789019440444,Not Recovered
TOI-2431 b,0.22419614304171698,2460258.868624179,0,1.5707963267948966,28.054507869088418,TOI-2431 c,36.66743167302971,13.410252403418419,0,1.5707963267948966,40.93461171063569,28.054507869088418,26.340615307923954,Recovered
TOI-2431 b,0.22419601049065838,2460258.8684731754,0,1.5707963267948966,25.6042393547217,TOI-2431 c,25.280563300251995,-9.947014861920088,0,1.5707963267948966,31.70091520328023,25.6042393547217,24.8673577035827,Recovered
TOI-2431 b,0.22419562618962754,2460258.868388764,0,1.5707963267948966,12.206104050366584,TOI-2431 c,69.24838540736356,-30.09116696034105,0,1.5707963267948966,10.46230986533026,12.206104050366584,15.62110116583501,Not Recovered
TOI-2431 b,0.22419574396002706,2460258.86859442,0,1.5707963267948966,44.847992507790735,TOI-2431 c,66.15651926980303,-17.03451610694323,0,1.5707963267948966,11.656644523697397,44.847992507790735,44.892762767984316,Recovered
TOI-2431 b,0.22419572067036983,2460258.868462551,0,1.5707963267948966,28.24475418344773,TOI-2431 c,84.16129810949492,30.895374595044238,0,1.5707963267948966,42.278858255877374,28.24475418344773,27.744176556177855,Recovered
TOI-2431 b,0.22419610278222124,2460258.8685802654,0,1.5707963267948966,10.402240292150422,TOI-2431 c,93.85064986432843,-3.412960351939141,0,1.5707963267948966,14.621847941729937,10.402240292150422,10.363721742931155,Recovered
TOI-2431 b,0.22419589093251,2460258.868542132,0,1.5707963267948966,28.811138537471347,TOI-2431 c,33.368306034859685,3.7453507200170577,0,1.5707963267948966,43.53422471261673,28.811138537471347,29.389893614666818,Recovered
TOI-2431 b,0.2241956878412393,2460258.868652902,0,1.5707963267948966,45.20155745844624,TOI-2431 c,36.631212034765745,12.41430724511127,0,1.5707963267948966,23.15150470369143,45.20155745844624,44.40427412646687,Recovered
TOI-2431 b,0.22419650681002648,2460258.868646784,0,1.5707963267948966,20.706236100986263,TOI-2431 c,28.126562221079702,-13.95433274602175,0,1.5707963267948966,23.96350827106109,20.706236100986263,19.448411179230785,Recovered
TOI-2431 b,0.2241959239755425,2460258.86854453,0,1.5707963267948966,11.539867264553482,TOI-2431 c,11.032571060978674,-1.2811142722561222,0,1.5707963267948966,37.281419224940606,11.539867264553482,9.715574559882665,Recovered
TOI-2431 b,0.2241959027159937,2460258.868441272,0,1.5707963267948966,37.89816123868548,TOI-2431 c,67.97198671243846,-19.35640201413696,0,1.5707963267948966,41.406002080233364,37.89816123868548,36.90572127913106,Recovered
TOI-2431 b,0.22419627717360557,2460258.8681262564,0,1.5707963267948966,35.589997534207264,TOI-2431 c,96.66904547772313,-48.022294481038486,0,1.5707963267948966,29.149450778753316,35.589997534207264,36.58595750743763,Recovered
TOI-2431 b,0.2241955371756439,2460258.8685561046,0,1.5707963267948966,45.23968573863701,TOI-2431 c,95.37945260187043,43.729680586511996,0,1.5707963267948966,29.999488537297374,45.23968573863701,43.78317780416411,Recovered
TOI-2431 b,0.2241957996815344,2460258.8685442936,0,1.5707963267948966,18.448300520596806,TOI-2431 c,77.27053277127919,-35.435476930258694,0,1.5707963267948966,0.8879567929053866,18.448300520596806,17.42748229736035,Recovered
TOI-2431 b,0.22419572825030926,2460258.8686142974,0,1.5707963267948966,26.412519091210868,TOI-2431 c,7.407178689816901,2.353893893965932,0,1.5707963267948966,17.57724561194045,26.412519091210868,25.652174032331132,Recovered
TOI-2431 b,0.22419590936923323,2460258.868366091,0,1.5707963267948966,18.212807975118185,TOI-2431 c,16.461165213691903,1.9179895932453448,0,1.5707963267948966,20.76904022227925,18.212807975118185,22.437320647917097,Not Recovered
TOI-2431 b,0.22419614524380063,2460258.868592642,0,1.5707963267948966,45.53805003639993,TOI-2431 c,2.5571975967418163,-0.3331273232594323,0,1.5707963267948966,24.29074286201192,45.53805003639993,39.878763211263966,Not Recovered
TOI-2431 b,0.22419537956706084,2460258.8683465566,0,1.5707963267948966,10.069676065473686,TOI-2431 c,60.245124201589384,-18.03380201499625,0,1.5707963267948966,1.2143177882075418,10.069676065473686,10.727495289276883,Recovered
TOI-2431 b,0.2241956145956869,2460258.8685574178,0,1.5707963267948966,14.144635502032488,TOI-2431 c,92.26858044432615,-35.437776832046545,0,1.5707963267948966,33.16696019511101,14.144635502032488,13.49966021939429,Recovered
TOI-2431 b,0.22419565250309503,2460258.868627207,0,1.5707963267948966,37.21837820915832,TOI-2431 c,27.73175763041711,7.0188780797563,0,1.5707963267948966,16.18553612152801,37.21837820915832,40.34098056733718,Not Recovered
TOI-2431 b,0.2241963505177134,2460258.8684632904,0,1.5707963267948966,9.137389196301893,TOI-2431 c,51.763541917263325,22.42033882860354,0,1.5707963267948966,11.160087198843543,9.137389196301893,8.142830586246289,Recovered
TOI-2431 b,0.22419603407390923,2460258.8683335204,0,1.5707963267948966,32.89714541785845,TOI-2431 c,14.303491338620693,-2.544950990118343,0,1.5707963267948966,28.152568087671742,32.89714541785845,30.72191791792181,Not Recovered
TOI-2431 b,0.22419582670528454,2460258.8685824857,0,1.5707963267948966,49.6238186391237,TOI-2431 c,21.280724952779757,-0.6758065453745523,0,1.5707963267948966,31.132641356328953,49.6238186391237,50.41941646186838,Recovered
TOI-2431 b,0.22419596403218442,2460258.8688477012,0,1.5707963267948966,14.378691912199193,TOI-2431 c,41.34386819749923,16.246469077699402,0,1.5707963267948966,38.26151590782098,14.378691912199193,15.182302707617104,Recovered
TOI-2431 b,0.22419575005637515,2460258.8686664905,0,1.5707963267948966,5.856608141913139,TOI-2431 c,71.31330416009537,22.674048656392443,0,1.5707963267948966,33.14852695978547,5.856608141913139,4.634818816954874,Recovered
TOI-2431 b,0.22419599406845098,2460258.868575642,0,1.5707963267948966,16.197759180211253,TOI-2431 c,58.58042263445873,-20.27841887163673,0,1.5707963267948966,31.0016602744007,16.197759180211253,15.063257790593124,Recovered
TOI-2431 b,0.22419511140724768,2460258.868556335,0,1.5707963267948966,43.44452320720155,TOI-2431 c,44.2902348322895,20.719645167283417,0,1.5707963267948966,3.3918577220596715,43.44452320720155,44.60015294605221,Recovered
TOI-2431 b,0.2241959192186601,2460258.8685143455,0,1.5707963267948966,8.311688303043102,TOI-2431 c,76.320760156994,17.289910586982806,0,1.5707963267948966,14.42258757799052,8.311688303043102,7.519860867806933,Recovered
TOI-2431 b,0.22419576351701143,2460258.868390524,0,1.5707963267948966,39.3052657915278,TOI-2431 c,66.7731454548156,20.651326456838582,0,1.5707963267948966,2.4793237206107763,39.3052657915278,38.511376652861586,Recovered
TOI-2431 b,0.22419485293903463,2460258.868844943,0,1.5707963267948966,40.72413028910393,TOI-2431 c,97.52239455467225,-37.108940377746485,0,1.5707963267948966,19.518785004920158,40.72413028910393,38.989013608817125,Not Recovered
TOI-2431 b,0.2241953847303348,2460258.8685598713,0,1.5707963267948966,15.843268533350985,TOI-2431 c,2.6389629544131417,-0.6133482455924117,0,1.5707963267948966,12.424067207117574,15.843268533350985,11.70498416512382,Not Recovered
TOI-2431 b,0.22419536119304306,2460258.8683655215,0,1.5707963267948966,9.72366784021732,TOI-2431 c,69.24570335963155,8.313685735592145,0,1.5707963267948966,45.67006234521759,9.72366784021732,8.160854527014104,Recovered
TOI-2431 b,0.22419478328040215,2460258.8684397074,0,1.5707963267948966,27.325628205526463,TOI-2431 c,24.244504561244682,-6.657656305676628,0,1.5707963267948966,31.027395892444098,27.325628205526463,27.103281592866228,Recovered
TOI-2431 b,0.22419536297578402,2460258.868643128,0,1.5707963267948966,32.931730789118504,TOI-2431 c,4.570196073913273,-1.1172150065614652,0,1.5707963267948966,21.171522667583346,32.931730789118504,35.27912738507496,Not Recovered
TOI-2431 b,0.2241952329126618,2460258.868619689,0,1.5707963267948966,33.98048327947323,TOI-2431 c,51.79418111436024,-13.702294812877229,0,1.5707963267948966,48.755831433568844,33.98048327947323,35.63303417247422,Not Recovered
TOI-2431 b,0.2241958013515228,2460258.868328786,0,1.5707963267948966,21.962556313119663,TOI-2431 c,56.572467774142304,-28.266213093140802,0,1.5707963267948966,36.828184542991295,21.962556313119663,21.071760408907014,Recovered
TOI-2431 b,0.22419580631964117,2460258.8689134023,0,1.5707963267948966,4.3345195853895735,TOI-2431 c,83.4556761244243,-0.33424173988385775,0,1.5707963267948966,33.036051562904625,4.3345195853895735,5.863594193432043,Recovered
TOI-2431 b,0.224195953977656,2460258.868771343,0,1.5707963267948966,0.264228253179416,TOI-2431 c,78.02959304391749,-34.231116020134564,0,1.5707963267948966,42.749302133218734,0.264228253179416,2.051038589046432,Not Recovered
TOI-2431 b,0.2241957797283942,2460258.8687880673,0,1.5707963267948966,49.546932570460065,TOI-2431 c,97.48611678553596,-10.437995674933099,0,1.5707963267948966,41.463266409355306,49.546932570460065,47.18066971099616,Not Recovered
TOI-2431 b,0.224196555996355,2460258.8686541375,0,1.5707963267948966,49.79093131905768,TOI-2431 c,22.33218096694828,8.637485452586091,0,1.5707963267948966,47.54497497910876,49.79093131905768,50.85258938460423,Recovered
TOI-2431 b,0.2241961146798506,2460258.868735161,0,1.5707963267948966,45.742267323935856,TOI-2431 c,51.11008534706912,-21.48263870712769,0,1.5707963267948966,35.66031131459102,45.742267323935856,44.99418438475201,Recovered
TOI-2431 b,0.22419621574366277,2460258.868221826,0,1.5707963267948966,36.097056018520675,TOI-2431 c,19.59520876729894,-8.08134421739659,0,1.5707963267948966,26.354150126452602,36.097056018520675,35.95780166680865,Recovered
TOI-2431 b,0.22419564345339232,2460258.8686441295,0,1.5707963267948966,41.07759121055239,TOI-2431 c,78.16522507744583,-27.814423740678716,0,1.5707963267948966,17.54415795897777,41.07759121055239,41.081389026842714,Recovered
TOI-2431 b,0.2241957943981265,2460258.868392185,0,1.5707963267948966,7.0298415625570705,TOI-2431 c,1.975183799116814,0.8421212169835994,0,1.5707963267948966,15.458720745623184,7.0298415625570705,4.552989357758461,Not Recovered
TOI-2431 b,0.22419570844608386,2460258.8685587323,0,1.5707963267948966,42.41183336019071,TOI-2431 c,74.01939977385608,-17.01818317063247,0,1.5707963267948966,42.52459382832727,42.41183336019071,43.710278168622416,Recovered
TOI-2431 b,0.22419631354435102,2460258.868776272,0,1.5707963267948966,37.21199694146722,TOI-2431 c,56.4188021551588,-25.10747129110395,0,1.5707963267948966,29.07018442105727,37.21199694146722,39.5847495075193,Not Recovered
TOI-2431 b,0.2241958095325661,2460258.8683711905,0,1.5707963267948966,4.093161645418708,TOI-2431 c,41.64571724777555,4.039344900593971,0,1.5707963267948966,8.969268263070413,4.093161645418708,7.959943242634455,Not Recovered
TOI-2431 b,0.22419616725294442,2460258.8686021627,0,1.5707963267948966,26.760055018169,TOI-2431 c,71.15975815214652,34.0305139337484,0,1.5707963267948966,16.852912974995988,26.760055018169,26.390999117660034,Recovered
TOI-2431 b,0.22419557479730184,2460258.868503682,0,1.5707963267948966,36.47028342854315,TOI-2431 c,25.858142184735865,9.596797964264534,0,1.5707963267948966,31.739084712541064,36.47028342854315,38.49792262978308,Not Recovered
TOI-2431 b,0.22419563354877092,2460258.8686352246,0,1.5707963267948966,28.132854648072104,TOI-2431 c,26.654839997852893,11.917476343484902,0,1.5707963267948966,13.484876414673753,28.132854648072104,26.925318212585807,Recovered
TOI-2431 b,0.22419606953770774,2460258.8684725133,0,1.5707963267948966,13.586124670378135,TOI-2431 c,25.25084266549633,12.032625429581795,0,1.5707963267948966,6.503521209351271,13.586124670378135,15.382425803148948,Recovered
TOI-2431 b,0.22419593636128854,2460258.8686414333,0,1.5707963267948966,21.97587497361378,TOI-2431 c,40.58856406038993,10.485265145635225,0,1.5707963267948966,25.79843258749852,21.97587497361378,19.59566826305932,Not Recovered
TOI-2431 b,0.22419611308481197,2460258.868601109,0,1.5707963267948966,21.054475984539913,TOI-2431 c,93.18574017539362,36.213164857791725,0,1.5707963267948966,41.975922891366686,21.054475984539913,23.156095211110355,Not Recovered
TOI-2431 b,0.2241950543616494,2460258.8685406274,0,1.5707963267948966,8.49679126836671,TOI-2431 c,46.503219251979914,10.777997240468203,0,1.5707963267948966,32.46004130929929,8.49679126836671,8.89386832012607,Recovered
TOI-2431 b,0.2241964381264456,2460258.8684599046,0,1.5707963267948966,13.891083661529363,TOI-2431 c,31.665128966641692,-4.134279532760642,0,1.5707963267948966,21.097897061832782,13.891083661529363,15.509714701535334,Not Recovered
TOI-2431 b,0.22419564035121506,2460258.8684018827,0,1.5707963267948966,31.497117700605287,TOI-2431 c,21.187110950854866,9.235482130215559,0,1.5707963267948966,15.842408984563411,31.497117700605287,34.43527502535674,Not Recovered
TOI-2431 b,0.2241954049649351,2460258.868569353,0,1.5707963267948966,49.81149401723784,TOI-2431 c,70.94064968513793,-8.781329126165925,0,1.5707963267948966,12.00098612167399,49.81149401723784,51.0626690618964,Recovered
TOI-2431 b,0.22419532297806835,2460258.8686014456,0,1.5707963267948966,44.678006623649004,TOI-2431 c,99.76030714197658,11.615203891753119,0,1.5707963267948966,35.23605698337369,44.678006623649004,45.37398751062388,Recovered
TOI-2431 b,0.22419607329355268,2460258.8684207923,0,1.5707963267948966,16.6513929785077,TOI-2431 c,69.24093687900921,-26.77246336245582,0,1.5707963267948966,48.33058754050478,16.6513929785077,18.483629166777796,Not Recovered
TOI-2431 b,0.22419554309823944,2460258.8685830184,0,1.5707963267948966,46.36509656368477,TOI-2431 c,15.76331313855198,0.045403778866351274,0,1.5707963267948966,14.264779103787806,46.36509656368477,46.200289951976934,Recovered
TOI-2431 b,0.22419618908487218,2460258.868285393,0,1.5707963267948966,39.15373583431878,TOI-2431 c,31.491774663930414,14.297294522270768,0,1.5707963267948966,32.53974601355945,39.15373583431878,39.46841823691742,Recovered
TOI-2431 b,0.22419585080115048,2460258.868374103,0,1.5707963267948966,32.29713424656045,TOI-2431 c,65.08289682542787,-26.43882504686714,0,1.5707963267948966,25.24688853258133,32.29713424656045,31.62152469713298,Recovered
TOI-2431 b,0.2241958021266413,2460258.868607187,0,1.5707963267948966,26.51515217919016,TOI-2431 c,37.88211107467152,3.6844662864840316,0,1.5707963267948966,4.458821750657776,26.51515217919016,27.58729702851839,Recovered
TOI-2431 b,0.22419595805325057,2460258.8689605775,0,1.5707963267948966,34.95686084519814,TOI-2431 c,97.5447496584941,9.78660866619856,0,1.5707963267948966,17.97520275294671,34.95686084519814,36.050413241291565,Recovered
TOI-2431 b,0.22419562866687903,2460258.86843519,0,1.5707963267948966,24.17072906928397,TOI-2431 c,65.15953090163563,-13.395800303336177,0,1.5707963267948966,41.15128732199434,24.17072906928397,25.082551249058703,Recovered
TOI-2431 b,0.22419512049167453,2460258.8685499514,0,1.5707963267948966,28.151171796264535,TOI-2431 c,52.77416393155364,19.83216683499305,0,1.5707963267948966,26.141728456304076,28.151171796264535,29.339687157609667,Recovered
TOI-2431 b,0.22419608323679227,2460258.868568152,0,1.5707963267948966,40.85592636959854,TOI-2431 c,44.734464281915116,-15.05299050643,0,1.5707963267948966,30.11097052373644,40.85592636959854,40.74173108668426,Recovered
TOI-2431 b,0.2241951206416743,2460258.868632358,0,1.5707963267948966,23.951280834896156,TOI-2431 c,53.84605644623492,18.230776142939757,0,1.5707963267948966,39.64182161004021,23.951280834896156,24.746550435938673,Recovered
TOI-2431 b,0.2241958534102715,2460258.8687826763,0,1.5707963267948966,46.931758341439455,TOI-2431 c,12.644627717060855,-3.407029276017563,0,1.5707963267948966,28.5381805923076,46.931758341439455,46.56509375832647,Recovered
TOI-2431 b,0.22419591844123338,2460258.86846046,0,1.5707963267948966,21.081003968779417,TOI-2431 c,89.99931112220058,0.2891002606746014,0,1.5707963267948966,24.294064125919174,21.081003968779417,21.672263993456546,Recovered
TOI-2431 b,0.2241953042640111,2460258.8687578845,0,1.5707963267948966,5.576655444740153,TOI-2431 c,85.22482014631137,30.124474197232544,0,1.5707963267948966,5.734514145774283,5.576655444740153,7.059247681936381,Recovered
TOI-2431 b,0.22419696530768657,2460258.8684176947,0,1.5707963267948966,1.8524027803670629,TOI-2431 c,63.782450377417796,-6.43181870503868,0,1.5707963267948966,43.73050838652201,1.8524027803670629,0.931476599421168,Recovered
TOI-2431 b,0.22419579853541308,2460258.86874472,0,1.5707963267948966,20.37890104918626,TOI-2431 c,79.4606952548305,-31.211225752841578,0,1.5707963267948966,2.2914121300765036,20.37890104918626,18.38693725779714,Not Recovered
TOI-2431 b,0.22419543888743393,2460258.8688565954,0,1.5707963267948966,32.12793137869446,TOI-2431 c,61.008976888268315,5.287845979056936,0,1.5707963267948966,5.111584053454593,32.12793137869446,28.975773163024044,Not Recovered
TOI-2431 b,0.22419633316426446,2460258.868521643,0,1.5707963267948966,15.747787418894987,TOI-2431 c,55.386007277060564,14.993653570684042,0,1.5707963267948966,43.16798526436778,15.747787418894987,17.880053599121226,Not Recovered
TOI-2431 b,0.22419527216698504,2460258.8686440145,0,1.5707963267948966,29.95516174956873,TOI-2431 c,13.948276454517405,2.3113273283459517,0,1.5707963267948966,32.021580381351924,29.95516174956873,32.271873060195155,Not Recovered
TOI-2431 b,0.22419588760037926,2460258.8685818594,0,1.5707963267948966,27.57246098517162,TOI-2431 c,91.52238248216764,23.23642622172295,0,1.5707963267948966,47.87549792630843,27.57246098517162,30.869127864724195,Not Recovered
TOI-2431 b,0.22419639523589882,2460258.8686425546,0,1.5707963267948966,13.292018292546848,TOI-2431 c,87.29213518113055,27.24047844082967,0,1.5707963267948966,43.09715937137452,13.292018292546848,11.305285150634665,Not Recovered
TOI-2431 b,0.22419616753740637,2460258.8685511854,0,1.5707963267948966,33.821618662045275,TOI-2431 c,54.75031566722295,12.669517586609913,0,1.5707963267948966,19.141777702258988,33.821618662045275,35.380864338394765,Recovered
TOI-2431 b,0.22419626858917302,2460258.8687407835,0,1.5707963267948966,42.02790634064621,TOI-2431 c,43.57763085040297,-16.815996040406084,0,1.5707963267948966,42.20410600639458,42.02790634064621,44.0544675812127,Not Recovered
TOI-2431 b,0.22419578127947065,2460258.8687150623,0,1.5707963267948966,3.1068072356524032,TOI-2431 c,77.39996414430604,8.486867764957239,0,1.5707963267948966,36.482507034377264,3.1068072356524032,3.0089397012986043,Recovered
TOI-2431 b,0.22419670696285904,2460258.8685218394,0,1.5707963267948966,33.32737380368738,TOI-2431 c,30.527088974918936,2.8135623163652266,0,1.5707963267948966,23.544250431951642,33.32737380368738,35.6097315092308,Not Recovered
TOI-2431 b,0.2241957076337924,2460258.868474523,0,1.5707963267948966,12.83155918829494,TOI-2431 c,4.082415818838788,0.05329976251039659,0,1.5707963267948966,2.774499663120522,12.83155918829494,15.726064008371617,Recovered
TOI-2431 b,0.224196173210259,2460258.8685641563,0,1.5707963267948966,47.30178628650068,TOI-2431 c,72.74737626933916,-21.438275259507925,0,1.5707963267948966,46.09381377932251,47.30178628650068,47.72615702817289,Recovered
TOI-2431 b,0.22419529654314507,2460258.8686027387,0,1.5707963267948966,46.85763937633859,TOI-2431 c,59.21448131510839,-1.300017944500297,0,1.5707963267948966,39.587080042394156,46.85763937633859,46.54915795172386,Recovered
TOI-2431 b,0.2241959964077733,2460258.8686448354,0,1.5707963267948966,45.60792537765529,TOI-2431 c,15.547332851601261,-6.982087849062406,0,1.5707963267948966,2.3778787226483358,45.60792537765529,47.32207345206622,Not Recovered
